v1,v2,v3
65,170,215
65,171,216
68,168,211
67,171,214
67,170,211
66,167,208
68,168,210
68,161,204
69,163,216
70,164,223
102,165,221
132,177,230
135,175,235
133,182,244
124,189,249
122,194,248
128,206,249
131,204,249
126,216,256
124,215,251
122,207,250
125,206,255
151,197,241
174,196,248
183,194,255
213,189,257
226,201,251
206,201,253
206,210,247
227,213,241
230,209,234
236,212,231
229,207,221
217,212,223
213,206,210
200,207,195
191,207,187
197,201,183
202,206,185
229,199,162
239,185,179
222,184,208
228,177,201
224,173,205
204,175,204
195,181,207
210,186,212
232,187,207
243,199,210
246,206,203
247,208,212
269,216,210
259,214,234
252,217,225
238,210,228
264,201,259
288,206,273
330,208,306
326,201,319
314,202,317
316,192,327
345,210,298
383,222,334
442,260,330
413,271,334
429,257,333
459,273,343
439,319,351
443,318,367
430,327,372
431,310,376
406,337,375
392,365,384
390,355,376
459,370,359
470,382,342
484,440,345
457,415,331
441,419,328
467,429,324
492,433,358
505,407,362
520,401,352
521,363,359
516,390,352
510,360,366
490,391,371
495,370,364
484,364,392
449,386,378
69,139,145
68,139,153
94,138,151
93,139,153
92,140,157
93,141,152
92,137,156
89,131,154
88,135,149
107,142,146
114,140,142
118,142,136
110,141,134
108,139,131
110,141,130
113,137,131
108,145,127
104,146,127
139,143,126
145,144,128
152,144,124
146,140,123
154,141,124
159,137,123
164,138,128
169,134,136
164,139,128
169,140,125
175,138,129
208,143,125
217,139,131
235,144,131
238,139,130
234,138,126
232,144,126
242,147,131
222,150,129
264,150,127
272,153,131
269,165,142
296,169,137
308,180,139
312,177,140
297,184,135
308,184,141
331,178,132
344,181,140
328,181,160
345,185,205
352,191,213
328,192,228
315,197,258
333,203,247
327,205,267
310,205,268
299,201,268
291,193,311
312,213,329
316,211,347
334,211,321
354,212,337
332,258,322
371,267,340
379,249,329
374,293,360
413,302,411
390,290,423
452,279,425
484,285,391
512,322,398
499,333,367
573,325,380
647,344,378
612,355,361
593,351,360
588,358,343
590,378,317
587,407,301
577,419,284
602,384,283
579,408,285
591,382,294
582,375,280
592,363,317
574,330,318
550,334,326
566,315,313
547,308,287
539,307,288
590,294,296
64,147,162
64,145,160
65,146,152
67,146,147
68,143,150
67,151,145
68,144,141
67,147,143
69,145,146
68,144,142
75,144,138
75,143,138
72,144,141
88,142,137
81,144,135
86,145,158
103,141,170
102,144,161
100,146,156
98,144,157
114,146,153
115,142,150
115,147,143
122,148,139
118,148,141
138,152,159
140,150,166
136,150,158
146,154,162
150,157,184
176,165,185
175,162,185
170,163,182
188,162,176
201,161,174
193,162,174
184,162,175
193,159,192
212,161,192
243,160,202
252,160,208
234,158,256
257,161,274
275,160,271
274,160,275
268,159,283
280,155,291
290,154,308
292,144,301
270,152,302
280,148,293
257,147,330
267,149,338
278,148,343
290,143,364
302,141,387
300,138,400
307,147,415
307,152,441
284,175,427
294,214,457
356,246,503
363,253,530
419,296,484
442,300,462
444,304,504
413,304,540
398,304,592
415,294,552
441,283,515
438,267,472
453,302,481
441,330,482
433,343,454
451,335,459
438,389,458
435,402,426
426,418,408
447,384,432
459,371,426
582,364,417
525,413,417
575,400,409
563,396,419
563,389,424
550,384,428
606,392,418
587,363,444
568,430,435
554,449,435
104,133,210
101,139,207
113,135,202
109,135,202
110,133,211
111,134,208
121,134,204
144,141,191
190,134,183
180,139,180
176,138,178
170,136,178
177,137,175
191,135,170
198,136,164
182,139,164
202,139,174
196,138,155
189,139,151
196,134,148
186,137,143
178,135,143
180,134,153
196,136,170
204,136,179
202,136,172
195,135,175
196,135,171
196,133,168
186,132,166
192,134,167
210,141,173
214,146,193
231,133,191
229,145,202
270,142,211
299,147,237
286,143,233
273,144,234
295,143,269
297,151,289
305,154,288
295,159,280
304,157,283
345,163,296
376,169,303
363,184,295
384,188,327
367,226,379
383,264,376
387,307,376
377,313,380
386,313,374
421,309,411
426,289,454
414,273,467
473,265,461
471,267,432
462,322,442
507,313,427
493,291,447
517,286,421
565,346,456
536,347,480
523,342,496
505,363,506
517,397,484
517,409,471
484,383,447
477,389,437
537,397,410
553,389,399
519,381,394
491,390,415
523,362,396
504,379,353
476,440,362
476,398,350
464,387,339
448,385,329
521,358,309
480,417,295
454,375,294
440,383,279
449,367,297
424,357,313
391,347,279
388,319,275
363,295,271
326,278,263
67,142,152
68,139,147
67,140,144
66,140,149
66,136,158
66,141,157
68,139,154
68,142,153
69,143,170
74,140,175
98,137,171
96,138,165
110,142,163
126,138,162
132,141,158
142,142,148
166,137,154
170,138,158
178,144,167
164,140,162
157,139,161
154,139,160
153,142,158
157,142,166
149,139,158
143,138,164
157,137,161
146,142,157
152,140,161
163,141,153
173,139,161
172,137,165
168,140,161
157,140,179
149,138,178
178,144,194
175,142,215
187,139,237
195,138,252
187,145,258
203,147,257
213,147,277
205,146,289
221,145,303
225,144,366
222,145,399
236,142,475
260,143,503
253,144,512
252,143,537
275,138,565
307,144,543
312,149,553
335,161,561
376,168,541
384,176,530
375,260,494
393,285,489
388,313,450
416,313,445
441,332,427
417,373,444
413,394,456
437,377,515
431,358,494
445,345,496
557,351,479
623,391,501
704,370,486
676,359,464
656,341,475
613,353,450
612,359,453
599,335,484
635,327,515
670,336,490
630,393,504
617,370,481
584,350,500
580,346,475
559,339,471
515,356,506
542,344,481
553,350,467
497,328,482
476,359,463
521,345,465
580,339,442
550,346,435
533,323,426
110,204,230
108,195,215
104,196,210
98,195,214
94,191,204
96,202,205
94,195,200
87,189,193
127,188,194
130,180,190
156,182,198
158,173,199
176,169,193
166,170,196
169,168,192
159,165,187
150,164,184
181,166,191
186,162,199
184,160,185
191,158,190
180,158,186
173,156,181
159,157,181
181,159,176
187,160,176
197,160,174
195,155,172
207,149,181
227,149,177
217,148,178
217,147,173
205,149,181
198,144,184
198,144,184
197,144,203
200,141,234
198,143,228
200,141,249
194,143,253
182,135,254
196,142,252
228,143,261
242,140,308
231,142,321
249,140,340
229,139,321
227,139,305
241,143,370
238,143,356
236,143,345
226,142,322
314,150,336
357,145,310
342,162,307
379,156,342
406,174,325
397,194,343
437,195,341
437,202,356
441,219,320
409,226,323
419,243,295
444,251,299
415,294,294
411,298,316
500,305,363
482,312,320
501,308,394
503,308,385
499,291,394
472,295,425
470,306,424
588,335,446
652,334,471
606,365,497
575,348,464
547,319,453
580,286,451
603,282,485
585,268,463
555,278,480
575,260,461
568,306,454
522,313,442
491,318,444
463,313,399
427,304,418
478,303,384
460,297,364
87,262,164
82,262,159
82,260,154
76,249,160
78,254,145
75,248,149
78,246,147
81,242,146
80,229,144
91,232,137
98,227,138
124,223,135
117,226,140
113,220,131
113,218,137
118,211,134
161,209,130
173,200,128
181,191,131
171,189,128
194,181,128
181,175,126
190,173,129
193,167,124
195,162,128
193,156,126
253,154,135
331,157,130
346,152,131
316,148,136
292,147,137
266,152,149
278,144,143
258,147,142
245,141,146
231,141,146
220,139,146
206,133,149
198,139,143
190,137,123
194,137,139
206,135,138
212,135,134
228,144,143
257,141,153
247,147,161
242,150,174
268,148,170
269,144,167
273,145,198
285,143,199
286,144,210
288,144,200
317,146,194
299,143,228
312,150,219
327,141,237
343,143,242
341,143,246
324,158,257
354,180,263
348,181,261
355,218,314
362,210,306
342,214,311
370,219,319
362,219,317
388,240,301
383,258,303
440,261,328
441,280,341
422,279,357
504,269,393
532,259,400
532,306,395
528,318,417
519,317,418
528,290,437
547,315,449
546,308,465
535,295,482
515,310,479
553,319,497
570,301,540
576,279,546
566,286,531
537,290,555
504,288,559
498,285,548
499,294,554
68,153,111
68,155,113
68,158,112
67,156,116
85,159,125
94,155,122
94,156,122
115,158,121
127,155,117
121,159,116
121,156,119
143,159,117
151,163,118
164,160,116
177,160,117
207,157,110
215,156,121
226,165,123
248,162,127
243,165,124
225,159,124
255,159,124
256,160,125
240,157,127
242,158,132
227,153,135
220,153,125
244,154,136
245,153,135
241,155,140
227,151,146
224,152,181
214,156,173
202,149,172
186,155,170
221,151,199
231,148,212
239,150,235
222,146,226
217,151,218
210,148,203
240,150,208
228,151,204
242,150,200
229,147,193
218,150,199
236,145,200
238,150,202
220,144,213
264,148,247
256,145,263
239,143,261
248,144,285
258,146,323
282,157,319
285,161,323
363,173,314
396,176,311
459,205,310
521,223,300
529,224,310
556,234,312
523,233,343
490,237,329
498,244,352
471,244,398
429,253,401
451,283,371
446,312,368
441,338,380
465,338,395
464,323,390
469,311,428
492,315,419
503,340,413
491,362,432
516,343,447
511,342,426
494,331,439
521,334,441
602,326,439
574,317,470
563,292,436
593,282,452
543,333,430
513,343,386
481,335,390
457,316,377
475,330,379
478,342,378
80,136,114
78,140,114
82,139,116
82,134,114
91,140,114
95,137,122
104,135,120
104,135,121
121,135,112
115,137,122
109,136,125
108,133,123
108,135,125
120,132,124
124,136,124
130,132,124
137,131,123
129,131,122
128,130,123
125,135,125
122,130,123
132,132,128
136,129,137
132,129,145
136,133,148
138,126,155
139,130,152
131,131,159
135,128,169
138,131,163
129,131,177
144,129,178
132,130,207
128,128,212
123,129,198
144,130,229
153,128,229
167,130,229
156,128,227
171,131,226
169,131,242
157,130,241
157,133,250
157,129,248
162,144,248
170,150,245
190,143,245
181,146,233
175,141,235
186,149,235
191,158,237
210,150,234
214,157,241
268,157,254
235,160,246
258,163,246
288,169,259
275,165,283
270,171,267
280,170,275
266,177,270
247,181,290
236,188,271
227,215,311
245,216,297
274,207,298
286,207,312
260,206,304
273,212,301
292,240,286
287,281,265
312,320,254
311,323,240
346,298,240
362,289,241
431,281,235
406,275,255
378,272,268
387,279,259
430,274,267
453,292,288
475,267,275
435,307,277
409,301,284
402,297,261
399,290,268
390,273,323
514,300,303
504,311,286
470,301,279
66,133,120
65,131,122
64,130,123
65,133,122
65,131,126
65,129,119
66,132,124
66,131,125
66,132,121
66,131,125
64,129,121
63,131,122
63,132,121
67,132,119
73,133,118
71,130,115
70,129,115
76,131,118
78,130,117
81,133,126
93,131,126
94,130,126
95,131,125
110,131,126
105,132,127
120,134,123
128,130,146
123,130,123
118,134,120
137,131,119
130,134,116
125,131,109
127,133,119
133,133,118
134,133,117
132,136,120
132,134,124
127,133,124
127,135,128
122,134,129
130,138,131
130,135,131
132,137,137
139,139,148
163,138,151
153,138,150
149,135,150
142,140,153
152,136,159
190,137,162
182,134,165
189,133,159
197,135,172
190,133,174
209,132,181
207,132,190
199,131,195
182,131,189
222,130,189
244,132,195
246,131,214
245,131,247
282,131,287
279,132,299
292,129,314
278,132,308
329,139,292
342,143,284
360,162,303
386,190,335
409,185,378
427,235,453
451,273,439
439,263,495
407,279,511
380,295,528
395,306,522
417,320,541
494,348,514
484,347,501
522,375,524
545,356,473
555,334,464
541,321,438
509,341,433
462,330,425
478,315,391
459,304,387
427,315,358
401,325,358
102,148,120
104,154,121
100,157,125
102,150,122
99,158,123
99,152,121
98,153,123
97,155,127
97,151,122
98,152,126
94,149,123
92,151,123
97,155,124
105,148,121
111,148,124
109,141,121
113,141,119
141,142,117
153,141,115
175,140,120
166,139,121
162,137,122
188,138,116
209,134,115
194,132,116
210,133,116
195,130,117
204,133,116
209,134,116
194,133,115
203,129,116
193,128,118
221,132,117
211,131,116
209,131,115
233,130,117
227,129,117
206,135,118
204,133,121
213,129,121
207,131,122
199,128,125
207,132,128
200,133,130
189,132,126
194,131,125
188,128,126
190,135,139
198,131,143
202,134,149
207,131,148
199,132,157
185,132,149
202,133,146
186,130,143
196,132,173
262,128,185
271,129,198
248,133,216
255,140,215
264,143,202
252,139,193
247,140,184
262,142,173
258,143,182
248,142,198
239,164,205
232,173,224
239,179,225
255,234,301
311,241,277
297,262,262
286,269,284
280,264,297
315,254,339
350,266,323
339,294,312
319,292,318
306,307,331
285,340,336
306,321,324
313,347,329
293,341,329
297,323,332
326,340,336
334,320,321
316,313,320
293,312,353
292,329,360
280,332,365
69,210,164
68,201,163
69,202,172
68,196,181
70,196,185
69,196,179
69,191,177
67,192,181
70,190,186
72,186,209
71,189,222
73,180,212
71,182,224
70,176,216
69,176,205
73,182,214
74,176,204
74,175,232
73,173,227
87,172,214
122,176,207
139,173,202
139,176,197
156,175,202
164,173,202
202,172,189
199,166,178
201,167,177
230,163,178
269,168,184
253,172,189
298,166,180
287,166,172
268,162,175
259,163,172
268,166,165
338,164,169
339,173,173
351,169,178
320,168,183
330,163,174
302,163,168
314,171,176
307,173,188
299,169,223
293,173,237
313,173,259
297,173,283
282,168,312
305,161,353
312,163,346
302,188,364
358,191,350
349,217,336
340,224,372
332,238,378
320,234,368
325,244,346
338,241,332
337,241,343
479,244,319
466,319,336
475,319,329
514,303,325
513,307,343
496,345,350
456,312,354
484,306,343
535,309,351
490,327,357
489,322,403
514,315,420
548,292,428
511,292,424
517,280,401
516,271,405
504,271,407
557,259,407
578,269,391
531,291,370
519,339,359
513,332,346
512,378,383
509,361,372
510,361,363
486,363,366
447,347,358
479,353,346
446,357,354
454,355,344
84,147,165
81,145,179
82,144,176
81,146,173
81,146,172
82,146,164
81,146,167
78,145,166
80,145,172
80,146,169
79,147,160
81,143,167
77,144,160
82,143,158
86,146,155
86,147,150
88,144,149
103,145,147
127,142,142
131,146,138
142,148,136
153,149,135
190,147,131
195,149,128
195,146,126
195,152,124
198,149,127
197,150,130
189,149,127
213,150,131
218,155,131
216,151,141
201,154,137
236,157,138
219,160,141
215,162,140
209,164,137
199,165,146
192,162,148
204,159,158
222,166,163
234,165,164
242,164,169
236,161,163
249,157,162
241,158,161
249,158,159
267,158,168
323,155,171
307,159,183
316,153,200
308,149,198
285,148,224
282,148,223
283,149,261
299,152,264
300,163,363
281,160,375
286,154,391
294,155,425
321,158,421
440,176,483
470,230,489
459,240,503
421,268,497
464,280,510
484,297,496
448,290,462
449,296,424
447,305,436
474,315,409
523,314,375
534,313,383
575,314,377
523,307,346
499,322,323
552,306,335
553,321,364
528,334,366
561,346,415
527,376,427
557,412,460
535,427,482
577,407,475
546,391,507
611,404,554
641,370,538
603,393,544
590,382,510
588,380,505
92,156,147
91,153,146
97,155,146
96,154,163
104,151,150
110,155,151
116,156,150
116,154,148
137,156,149
168,152,149
161,156,147
173,154,150
192,158,150
194,160,152
230,159,155
217,159,156
225,158,154
220,161,152
209,164,158
195,159,153
207,165,157
206,161,157
197,161,164
221,162,167
227,159,171
233,161,170
222,156,170
219,158,174
209,162,180
208,158,178
200,160,182
210,163,183
222,159,192
214,159,200
206,157,202
223,159,197
222,158,194
220,162,197
225,166,216
237,162,224
244,164,251
243,163,242
236,162,269
227,162,284
228,158,316
216,156,331
205,154,360
201,151,359
201,147,348
186,145,322
187,146,293
176,145,289
175,147,271
190,142,249
196,145,242
219,144,253
205,140,229
201,142,222
222,140,215
242,139,241
257,140,243
251,137,237
243,138,233
265,140,218
282,141,225
293,144,231
294,147,242
284,142,246
294,146,255
308,146,251
288,145,278
315,140,297
301,144,318
290,142,311
287,148,296
295,157,300
313,158,298
292,186,285
302,218,277
300,209,252
295,207,237
276,209,221
285,209,215
257,226,224
281,246,226
285,254,225
273,269,243
265,264,243
249,257,250
242,252,255
179,173,276
211,176,257
204,170,250
225,172,241
220,172,234
204,174,229
188,172,218
182,174,213
196,180,210
200,180,205
203,188,202
206,192,198
202,188,192
218,189,188
231,188,187
216,187,185
238,193,186
231,186,181
236,189,188
247,190,202
235,186,201
233,188,206
233,187,202
234,188,209
229,183,208
276,186,218
281,191,213
278,191,215
260,192,212
262,195,231
260,197,229
296,199,227
399,199,217
437,208,226
432,221,239
417,219,259
423,220,269
416,237,266
511,252,313
487,297,305
471,304,316
479,304,324
499,309,318
493,306,317
538,313,320
545,331,323
545,396,333
550,389,347
507,371,353
520,362,360
513,361,368
528,358,348
544,392,363
521,381,358
532,379,374
536,356,365
555,383,389
530,390,380
582,399,392
578,384,395
602,396,407
614,416,400
610,413,403
563,398,376
573,372,358
558,391,339
517,404,344
483,415,373
458,381,365
463,379,357
438,380,338
426,385,369
437,362,371
429,342,364
390,340,347
361,319,338
384,350,348
392,401,364
428,387,374
413,371,363
407,367,364
394,382,383
369,386,383
394,366,417
385,349,422
374,321,406
366,338,393
368,319,382
368,318,359
339,347,357
100,151,141
122,146,142
118,152,143
138,151,143
144,152,146
143,154,143
137,151,141
128,150,120
122,152,136
117,150,136
110,152,134
109,151,143
106,156,130
129,156,134
145,157,136
152,155,139
166,153,137
178,155,144
164,155,143
169,158,142
163,157,147
161,157,141
160,158,147
160,160,155
166,161,155
165,167,159
164,166,160
164,165,164
169,161,167
171,163,169
159,166,168
184,162,187
203,164,181
204,160,186
190,160,184
220,155,186
231,156,174
264,161,172
246,155,171
233,180,171
268,203,167
265,199,166
276,200,173
270,204,178
286,220,179
275,239,196
295,240,200
305,249,218
351,262,232
438,274,310
558,278,347
535,287,320
575,306,333
650,313,331
685,318,330
707,319,309
654,343,303
629,368,308
599,380,344
646,364,370
632,343,362
617,313,370
631,310,374
669,421,396
659,385,381
689,378,398
684,362,401
671,362,435
634,331,419
618,345,434
604,338,387
625,382,417
607,385,394
650,409,365
621,414,367
603,390,377
560,382,353
526,385,370
488,392,389
477,383,369
461,409,370
437,381,380
447,370,367
419,355,363
409,364,347
442,404,361
450,382,351
437,376,374
445,368,391
432,434,395
333,129,401
325,128,402
317,130,408
327,133,407
325,134,405
333,132,407
314,134,401
299,131,407
294,135,402
301,135,404
305,136,411
316,135,398
322,135,405
331,134,408
319,131,404
327,133,409
328,134,410
312,130,420
319,133,420
322,132,426
333,134,430
338,117,427
357,129,424
350,130,433
376,128,429
370,131,445
365,132,439
342,130,445
340,136,441
360,136,441
388,135,439
382,137,436
364,137,444
356,140,426
343,141,432
328,146,439
352,152,433
359,146,438
343,154,441
361,155,427
365,155,440
379,158,424
342,159,414
356,161,414
348,160,412
336,156,407
322,152,407
339,148,405
323,149,409
310,141,419
288,153,442
274,153,413
283,152,443
297,153,447
367,158,433
384,151,451
367,156,408
362,153,445
350,149,465
369,164,495
350,168,484
332,183,518
376,181,550
414,229,559
449,230,543
403,240,573
430,228,544
470,228,568
460,219,559
451,219,555
451,225,562
444,211,560
458,229,591
531,218,581
513,229,605
480,219,630
528,215,631
566,210,610
532,237,612
531,285,603
544,287,617
650,272,585
644,258,568
607,292,543
602,329,555
586,317,556
608,312,588
659,301,612
634,290,607
610,336,570
63,129,169
65,127,159
65,129,156
63,129,156
66,127,152
62,130,150
63,128,151
63,130,149
61,127,147
63,129,150
61,132,155
61,128,153
63,128,151
62,127,157
58,129,163
64,127,160
65,125,148
68,131,164
70,126,151
71,125,159
71,128,156
85,125,156
103,125,163
109,129,173
111,127,167
119,128,168
135,127,169
155,126,168
198,125,170
196,122,173
235,123,174
241,122,173
244,127,171
231,123,175
237,128,165
239,129,164
224,127,157
206,130,154
207,128,159
217,129,144
250,132,162
228,131,158
226,131,164
214,133,178
225,131,187
206,134,178
229,134,253
230,132,253
270,133,316
252,135,353
232,134,431
248,133,498
247,133,475
242,133,459
260,145,450
286,146,413
286,142,388
286,141,376
323,151,347
316,144,329
299,163,350
296,171,328
284,176,296
277,206,311
291,232,304
279,215,292
292,234,291
341,290,294
334,291,326
310,286,328
314,299,345
322,292,343
361,297,326
399,293,347
372,269,339
371,244,329
351,280,320
361,283,341
361,305,327
364,296,342
390,284,337
379,292,372
359,348,376
340,322,398
341,296,393
374,271,375
344,264,362
346,277,345
321,286,327
309,273,306
377,159,221
373,161,231
399,163,241
413,171,250
417,173,267
432,177,265
446,173,286
492,172,271
483,174,271
481,165,270
447,184,259
426,191,243
410,208,234
417,227,262
411,245,257
398,240,281
476,247,278
443,253,297
422,298,306
412,321,362
424,313,386
447,299,385
447,290,385
429,296,382
404,274,367
419,303,393
431,319,394
437,295,365
447,284,360
418,274,368
407,290,354
391,298,334
407,309,338
391,297,321
392,296,311
406,283,309
419,311,335
399,305,341
386,307,359
391,310,359
370,287,354
365,289,363
376,281,348
370,269,319
373,278,311
364,305,300
364,288,281
369,274,274
367,280,266
406,291,262
381,307,274
378,298,308
351,293,298
390,332,305
362,307,306
368,285,306
379,277,290
380,273,287
383,311,269
380,309,276
359,299,264
362,276,272
388,269,286
368,289,275
361,286,272
343,280,262
331,255,250
322,234,239
322,228,227
324,217,214
318,224,205
298,241,219
283,225,215
279,222,196
264,221,195
242,223,207
222,240,214
220,280,239
224,277,238
283,260,231
284,248,227
268,243,222
266,248,212
255,244,222
246,227,212
240,217,207
254,226,197
283,219,209
264,232,210
244,227,227
185,160,211
176,167,203
198,164,194
199,171,181
196,170,172
196,173,167
188,175,159
180,173,153
190,173,153
202,176,151
201,177,152
266,187,166
274,184,167
250,184,160
243,181,165
236,178,163
229,180,179
224,174,210
225,170,204
237,168,200
236,162,242
230,159,242
235,163,248
268,167,324
267,168,308
282,165,393
281,173,500
305,176,511
322,188,500
342,211,514
331,219,460
346,218,453
356,231,456
376,224,419
372,237,383
353,229,359
383,245,356
364,249,340
368,265,413
363,294,399
366,304,397
374,307,383
446,307,371
371,320,358
429,353,443
350,360,430
366,363,411
384,337,434
391,344,406
380,346,413
389,333,424
419,335,395
400,326,380
456,312,363
425,289,374
428,263,395
491,285,391
479,284,389
524,285,375
445,292,395
426,287,369
414,291,343
394,301,336
410,283,340
400,293,349
409,277,318
396,289,330
434,281,336
415,270,328
398,288,305
417,274,302
384,273,293
370,249,286
396,266,269
401,274,289
413,269,280
342,273,277
342,278,268
330,256,258
313,247,241
313,248,253
303,239,241
279,240,236
301,230,230
303,215,229
327,204,219
314,199,217
328,267,221
293,279,216
308,274,202
66,131,137
63,131,138
65,132,140
63,133,132
62,134,134
63,132,132
64,131,129
61,132,129
62,133,126
60,130,125
63,130,126
66,132,128
65,130,135
78,130,136
110,130,146
103,127,145
111,129,150
105,130,157
98,131,151
117,133,157
146,133,163
141,135,159
150,140,158
142,139,152
135,143,154
140,145,154
137,148,154
136,153,154
135,153,149
139,159,157
141,159,164
155,159,161
153,170,168
168,170,164
181,175,170
184,176,178
187,180,172
192,189,192
186,190,190
174,197,197
191,199,208
193,206,205
198,211,227
193,208,218
200,216,213
199,219,232
224,218,229
233,214,270
226,218,296
249,220,313
267,218,390
267,208,394
269,223,403
257,220,405
262,213,387
278,219,399
281,216,402
279,222,380
326,226,384
328,223,419
308,228,406
326,238,450
383,244,417
363,263,410
323,243,415
394,258,408
385,307,437
401,300,465
448,305,473
443,326,460
438,323,510
485,332,546
485,315,516
485,308,510
480,304,544
521,289,527
629,287,566
616,276,552
594,285,578
644,261,554
611,268,606
628,275,614
624,294,614
645,292,603
575,268,582
580,265,566
549,247,589
523,266,579
535,286,549
535,303,588
74,128,138
81,127,134
81,125,130
76,127,126
112,126,117
116,129,126
109,129,124
113,127,124
111,126,118
121,123,118
135,128,120
137,127,118
136,127,118
133,127,123
140,124,119
140,126,120
172,130,119
176,130,119
170,131,116
165,132,120
166,133,119
152,133,119
174,130,118
173,134,116
179,135,116
168,136,112
171,136,127
165,134,127
181,137,133
196,137,131
199,137,136
215,141,138
197,135,143
188,143,146
209,141,140
212,140,142
203,142,145
192,139,145
219,142,145
248,139,151
264,139,146
252,140,150
255,146,147
233,151,146
223,148,163
236,149,180
236,152,189
238,153,196
224,156,189
243,151,181
252,151,169
266,151,169
257,147,172
250,147,167
238,142,185
226,141,192
225,139,209
248,142,230
262,145,262
259,183,281
243,198,288
262,190,304
274,205,308
317,226,299
414,222,335
464,227,391
478,215,390
456,211,376
441,210,365
426,234,362
406,245,390
437,240,426
411,234,404
419,235,403
391,328,402
383,298,394
350,306,360
376,304,388
392,285,390
383,327,400
355,341,392
346,332,396
353,310,394
365,287,406
384,295,375
360,298,393
367,292,371
386,279,354
387,265,384
376,289,366
100,191,153
97,186,151
92,198,156
93,191,158
100,196,160
92,202,166
99,201,167
94,212,173
93,212,176
90,210,180
86,218,181
89,218,186
126,225,200
122,223,199
118,229,204
116,236,212
119,236,206
122,244,210
138,241,217
144,243,220
143,251,226
142,247,219
135,253,235
135,251,236
165,252,245
157,262,251
152,253,252
163,263,260
154,256,254
163,260,259
176,267,261
176,266,258
178,271,275
201,271,286
225,273,298
217,283,289
202,281,286
232,290,287
234,288,276
240,291,326
226,297,311
215,291,311
204,299,306
212,292,301
225,287,309
255,296,359
268,290,351
271,289,383
277,288,373
265,289,357
269,292,333
272,282,336
289,287,332
278,281,347
270,279,346
246,279,344
251,271,365
278,261,350
260,255,330
250,258,336
273,241,338
271,235,372
270,224,364
383,224,365
396,213,355
398,205,396
436,201,391
428,200,361
454,186,381
438,181,377
448,180,356
500,181,357
469,181,340
463,176,342
470,172,356
487,173,355
507,169,360
540,166,388
492,164,402
526,167,401
498,164,375
543,163,366
578,160,352
619,170,344
663,212,331
658,226,345
652,227,346
655,221,348
648,215,355
598,229,342
83,139,126
84,137,125
82,141,124
81,145,126
81,140,126
77,142,129
81,139,127
80,139,127
80,141,128
80,143,129
83,143,128
94,141,127
90,146,127
91,142,130
105,144,129
107,145,131
121,146,122
127,146,131
126,143,130
127,146,131
125,148,128
121,143,136
147,150,130
163,147,136
158,146,135
157,148,135
144,145,135
148,146,133
161,146,139
166,145,136
173,148,143
167,147,156
163,149,141
155,146,139
147,146,136
140,149,141
142,146,142
142,150,144
150,146,153
147,145,153
170,155,158
168,149,157
164,154,154
174,153,158
196,153,158
210,158,165
250,155,171
239,152,167
222,149,171
236,153,172
226,154,172
230,150,167
233,148,172
252,151,169
245,153,173
234,151,177
244,151,176
233,153,179
277,154,201
265,153,206
250,153,202
254,154,263
290,161,334
299,150,444
329,155,488
326,152,541
316,152,507
310,149,500
318,168,467
316,170,488
322,167,438
328,159,421
327,181,390
337,216,437
376,216,434
416,250,416
440,236,456
413,235,518
413,231,467
467,232,466
476,229,454
451,268,453
448,290,439
482,305,447
495,297,452
499,287,432
505,312,410
555,313,403
506,301,390
513,279,398
87,145,149
91,145,149
102,150,159
127,144,162
125,147,164
123,150,160
154,150,159
147,155,156
154,154,155
166,156,150
158,158,147
154,155,145
150,159,148
162,158,146
165,159,144
164,162,155
172,160,163
165,164,159
164,162,154
163,164,152
166,166,151
162,167,160
176,170,173
162,166,180
182,168,179
208,168,189
207,168,186
198,169,186
198,166,181
201,168,187
207,170,197
212,171,211
218,175,216
204,175,212
206,180,221
197,185,242
224,187,285
264,197,267
275,189,272
273,183,326
271,188,312
318,183,311
317,181,324
301,184,315
360,189,296
363,187,275
380,191,271
361,204,255
378,212,245
370,215,238
388,210,266
388,234,263
411,236,251
429,236,293
411,270,272
442,314,282
493,306,327
490,309,318
519,298,345
564,296,339
555,306,319
561,289,392
529,318,402
531,310,378
502,326,402
488,328,400
498,325,429
492,317,414
510,311,421
523,331,412
549,311,392
557,322,395
524,323,398
539,350,406
584,334,386
561,397,422
521,376,415
494,377,403
464,382,414
440,351,385
468,330,366
541,325,360
523,324,358
490,316,339
443,294,321
466,296,354
466,326,379
454,315,376
425,309,334
410,318,308
65,129,150
63,130,149
61,130,145
65,135,147
63,133,150
66,131,150
64,132,152
62,126,154
60,128,153
59,129,158
64,128,155
66,130,158
64,128,155
63,131,153
67,132,156
66,128,150
77,130,149
79,126,147
90,129,144
91,127,147
122,127,145
131,128,144
126,125,142
119,130,143
115,129,145
109,126,140
109,128,145
115,124,148
120,130,151
139,129,157
156,129,153
148,125,155
167,124,164
159,127,161
150,119,160
157,127,154
155,126,147
153,124,149
166,128,151
208,127,152
210,124,152
198,130,146
240,126,149
243,131,144
242,137,147
241,139,140
223,145,131
265,140,134
277,139,136
282,145,147
314,141,174
303,143,170
327,145,179
321,143,205
302,143,209
294,141,216
276,140,221
295,140,226
307,143,266
318,146,283
307,149,334
303,141,326
283,151,396
253,150,385
225,151,397
219,150,349
210,161,323
220,198,316
216,196,317
246,195,333
278,203,335
277,208,357
305,222,391
311,246,425
356,235,419
442,256,427
487,288,442
450,295,434
431,321,432
403,314,488
406,347,495
424,409,482
435,398,454
436,389,444
460,407,427
447,423,400
450,454,424
495,443,406
467,417,385
459,411,391
58,162,137
57,163,133
55,162,131
58,162,130
60,169,133
56,164,134
59,165,131
59,165,129
60,170,128
64,166,131
61,159,132
64,163,130
63,155,146
65,156,154
67,160,148
69,157,160
68,157,167
66,152,165
67,155,175
66,154,169
64,154,190
65,153,195
65,149,192
72,153,184
108,151,179
130,152,171
133,150,164
131,150,156
165,152,162
179,150,162
173,149,162
200,157,157
197,149,160
210,153,154
294,155,166
286,153,165
286,161,160
280,158,158
285,153,154
333,163,150
352,160,149
322,164,148
294,162,141
289,163,167
297,166,185
321,162,191
351,170,200
351,164,195
342,164,228
362,168,225
343,168,252
323,170,263
325,168,274
360,167,317
439,165,304
470,164,372
499,178,351
524,178,342
515,181,386
496,184,422
479,193,460
534,183,445
563,184,478
640,219,507
650,226,506
620,226,526
608,248,495
581,284,463
601,294,475
599,312,473
605,315,467
558,294,469
551,310,465
587,331,463
600,315,462
631,301,440
599,307,439
636,321,428
640,325,426
695,329,392
683,349,401
686,368,381
675,369,386
647,378,381
676,383,376
689,401,400
628,377,379
592,391,375
568,388,364
534,374,354
69,167,133
71,171,137
70,168,143
71,168,140
71,172,144
70,173,151
70,165,147
68,162,159
66,160,181
61,158,179
64,157,169
64,152,162
63,151,159
63,153,155
60,148,149
60,145,144
60,144,143
60,141,139
59,144,136
59,140,133
60,138,128
66,138,127
68,140,129
67,139,129
67,139,132
65,140,137
65,140,138
110,140,140
113,144,139
118,143,135
129,140,134
143,143,132
137,145,130
158,145,129
160,145,127
150,143,124
148,146,123
149,150,122
141,151,123
166,154,128
176,154,134
177,159,133
172,163,131
175,162,131
178,171,139
189,170,152
199,171,177
189,175,172
195,170,169
195,174,165
194,170,164
194,174,165
199,181,177
199,180,171
212,185,226
259,183,214
260,181,229
251,186,245
252,183,240
246,178,232
257,176,309
285,185,314
292,201,334
317,231,324
329,250,298
335,242,348
357,298,333
330,311,395
308,337,426
363,325,412
358,310,408
377,324,392
382,320,396
402,335,446
387,327,445
391,317,421
395,376,409
422,418,415
447,398,413
419,385,415
412,371,401
421,344,390
473,367,401
453,363,376
470,385,409
477,376,386
439,356,432
413,392,443
407,388,408
396,381,387
110,226,152
108,228,153
135,235,156
180,232,161
178,241,162
189,234,156
181,235,155
206,240,159
193,236,159
188,244,159
187,243,153
216,243,153
230,245,155
219,247,153
232,253,147
229,249,149
218,247,143
210,251,115
209,248,144
216,246,175
221,249,171
204,242,181
188,247,189
197,247,188
209,243,185
219,238,195
224,243,226
237,249,218
232,238,244
223,229,275
243,235,259
272,235,277
278,243,278
313,244,302
319,250,341
362,247,332
359,241,330
334,256,367
346,249,384
329,248,379
308,247,381
439,255,490
430,280,464
461,293,445
445,315,452
447,317,441
420,311,426
510,327,432
497,313,476
480,346,467
502,340,489
512,347,497
542,352,525
504,334,533
483,329,525
465,323,499
470,328,488
439,325,484
412,342,474
402,342,484
385,321,442
376,299,418
354,313,388
362,313,374
336,316,389
322,292,387
336,311,361
336,309,336
330,312,340
328,301,332
333,288,317
315,334,308
304,342,297
306,337,293
331,325,304
326,320,311
324,331,308
298,314,309
307,311,312
292,296,307
271,285,325
268,287,339
264,286,321
246,261,301
285,269,294
276,306,325
282,303,305
268,298,290
257,289,286
257,283,275
63,267,264
60,262,262
59,255,272
58,250,253
59,238,235
59,234,222
60,227,211
58,224,199
61,228,193
64,222,182
72,218,176
73,214,168
78,208,162
120,218,154
147,210,147
154,200,160
146,200,171
170,192,168
159,191,163
158,185,157
171,184,154
160,187,157
156,184,153
158,179,162
164,168,158
157,169,158
164,161,187
151,155,180
141,153,175
117,150,169
127,153,173
117,148,169
114,147,162
107,143,156
120,145,163
124,145,161
126,143,164
145,157,166
148,145,168
183,153,171
211,156,175
200,148,193
198,147,204
206,146,230
203,150,231
215,151,230
212,155,271
223,151,278
224,152,279
234,153,266
232,167,260
221,168,260
224,164,274
292,166,274
287,164,285
269,163,266
269,161,253
287,172,272
317,164,268
353,160,277
389,162,293
428,210,340
401,220,381
423,241,431
424,250,435
465,231,416
442,222,381
438,228,407
484,229,394
480,287,399
496,306,396
505,316,388
554,316,430
517,290,429
469,357,413
489,351,428
477,325,405
481,306,416
444,320,417
433,332,438
413,329,427
394,326,393
395,325,373
361,322,364
383,351,373
392,347,369
374,332,379
378,308,352
392,282,336
450,281,317
74,147,186
74,153,181
74,151,172
72,149,167
74,149,162
74,153,167
75,153,164
73,151,160
75,150,156
80,153,154
79,154,153
82,156,150
94,153,147
91,155,147
90,153,138
122,153,144
146,158,148
140,154,141
136,156,142
145,156,147
140,158,155
149,160,149
162,155,149
160,159,143
171,156,146
175,159,146
175,160,142
255,160,148
264,167,151
248,166,148
271,162,149
265,170,154
254,164,149
257,164,155
244,162,159
244,164,155
227,166,161
223,162,163
216,166,164
207,162,170
231,160,189
241,164,225
274,162,219
286,158,246
301,168,235
335,178,254
352,180,269
339,180,269
348,179,258
327,196,254
315,202,259
349,199,278
353,212,271
367,232,265
368,258,312
482,276,326
514,276,339
588,268,369
700,293,367
733,302,397
740,295,391
751,319,406
814,390,376
781,412,352
725,400,353
748,391,364
796,380,360
745,374,369
684,402,396
644,373,379
574,354,377
536,370,347
544,351,335
513,346,322
501,318,332
479,323,304
459,319,316
459,338,308
436,358,306
417,373,311
374,367,295
375,343,305
353,344,296
352,334,300
336,318,328
317,323,313
352,304,311
376,303,309
376,328,299
356,319,302
340,227,144
334,223,141
336,236,136
330,225,142
329,227,146
323,224,142
321,222,154
324,212,169
321,216,179
320,219,177
313,216,176
308,212,186
309,222,189
303,214,185
299,212,176
297,208,176
296,206,176
292,202,165
290,204,170
297,207,168
286,203,170
275,198,167
267,199,163
268,193,163
288,186,164
293,180,160
276,176,166
268,170,170
251,164,171
258,161,207
291,156,185
280,155,190
285,149,179
277,150,190
277,152,186
273,150,192
268,152,200
279,149,196
259,152,196
288,152,198
290,159,194
296,158,209
286,160,223
307,165,227
343,164,216
370,170,225
339,185,243
336,177,234
328,173,246
325,169,238
311,165,244
326,164,240
337,160,247
337,160,249
323,155,247
302,157,255
321,165,275
317,161,275
319,162,290
321,168,292
323,175,283
325,171,338
305,189,325
298,191,355
263,200,386
274,207,374
263,211,387
313,189,380
325,202,379
345,269,453
359,262,457
383,262,425
395,275,431
416,267,412
487,250,400
466,240,392
440,249,367
520,265,366
532,288,363
526,294,371
536,276,347
534,264,337
535,255,346
553,266,362
523,286,360
516,301,352
528,282,338
558,288,332
573,293,333
546,293,332
96,236,258
97,234,257
93,235,263
96,224,261
96,235,276
96,244,258
96,235,258
94,224,243
94,207,236
95,230,223
95,249,213
97,245,202
94,247,192
96,250,203
99,254,208
99,245,213
100,226,239
99,225,243
97,215,308
100,217,287
97,206,296
102,210,327
102,211,300
106,217,314
109,215,289
106,208,267
107,199,255
111,188,245
109,201,292
106,210,285
152,202,262
155,207,248
165,212,242
158,191,231
161,189,217
179,186,222
181,180,214
171,177,205
171,187,190
165,186,180
160,186,174
182,185,173
184,180,168
184,172,161
177,173,163
171,166,162
160,166,156
163,160,148
170,161,150
187,160,151
204,153,147
194,171,146
237,175,215
234,172,214
229,190,225
289,180,265
290,175,268
273,188,244
292,215,274
347,213,270
379,201,273
387,223,254
375,264,290
364,276,340
372,278,341
379,285,334
532,265,382
525,283,373
467,272,362
477,318,350
457,309,363
429,313,389
448,303,372
464,314,415
459,306,436
508,329,431
495,370,479
503,388,471
513,378,488
500,359,486
504,325,493
597,338,509
637,317,548
590,339,531
558,341,530
616,319,497
566,314,471
508,344,470
475,320,422
457,317,410
141,261,145
144,263,141
143,271,142
137,271,147
141,260,147
135,264,149
138,247,147
136,255,146
130,261,150
129,255,148
126,258,151
123,251,150
129,240,151
123,233,157
124,232,153
121,234,160
120,230,157
124,225,158
117,225,157
120,213,160
115,213,163
115,203,161
114,192,162
111,202,169
113,192,169
109,191,173
109,185,171
110,189,170
108,190,183
107,190,190
106,190,182
109,181,175
107,181,177
105,186,174
105,178,168
101,183,166
107,193,162
101,193,163
100,193,170
100,182,188
95,186,190
96,177,188
97,177,193
95,185,185
96,178,184
93,181,185
93,180,185
93,190,174
91,189,174
91,188,171
86,189,180
85,180,191
85,179,193
80,182,205
79,171,209
78,176,211
74,186,217
72,191,260
80,196,259
84,185,243
87,183,227
98,180,220
98,178,206
134,180,195
163,173,200
210,183,200
245,174,191
302,174,223
308,168,229
322,164,224
328,158,216
317,159,240
326,163,268
311,156,255
318,155,241
344,155,293
341,158,278
371,159,377
422,158,372
443,170,363
507,198,392
488,235,394
515,249,399
497,232,382
503,229,386
522,250,401
522,256,442
551,251,476
570,227,508
572,224,472
350,274,383
336,266,405
326,285,372
332,293,370
309,277,390
312,295,381
299,300,364
290,285,376
276,285,359
263,297,379
263,296,394
321,298,376
334,321,393
319,324,426
325,317,392
300,318,419
302,357,422
294,351,404
309,338,426
322,353,428
303,342,468
328,323,496
327,365,487
296,353,450
281,341,453
268,344,443
290,336,441
299,334,474
286,333,455
262,325,451
247,309,484
254,298,452
352,324,449
355,328,453
367,313,452
413,301,468
397,283,472
360,292,517
346,287,539
348,284,578
359,288,551
353,287,520
334,272,516
333,287,507
354,283,498
345,289,546
330,288,526
340,298,564
345,312,534
324,325,543
338,351,527
353,360,488
347,323,484
318,327,466
322,313,435
302,335,437
306,319,411
306,295,424
311,282,438
316,269,398
346,278,429
349,293,428
326,277,427
330,263,452
318,267,458
308,277,435
334,273,430
343,281,423
332,278,406
307,281,409
312,266,402
334,296,382
324,277,359
294,266,387
280,263,375
287,307,359
267,289,342
264,285,352
272,275,360
273,281,372
293,275,383
281,292,354
291,293,341
274,303,349
289,302,344
270,300,367
251,311,333
242,302,336
241,284,341
269,309,319
89,134,139
84,131,137
87,133,136
86,136,137
85,132,142
86,134,136
84,130,136
84,131,132
80,131,128
80,132,127
83,131,127
79,134,128
79,134,129
79,130,128
86,130,129
107,130,132
103,133,129
112,133,126
125,133,124
131,131,126
122,134,131
118,132,128
122,130,122
121,133,123
138,131,118
145,135,118
155,130,119
157,132,145
148,133,194
139,137,252
134,137,264
138,136,267
136,138,246
138,137,224
160,138,221
154,141,209
161,148,205
164,147,192
154,148,170
162,155,176
166,152,169
156,157,164
170,151,156
165,151,157
157,158,163
177,162,170
173,163,166
166,161,168
163,159,164
169,159,162
170,157,170
178,161,174
173,157,182
165,158,198
173,165,218
165,163,224
154,169,242
147,165,247
161,163,254
165,161,260
181,171,242
171,179,235
201,173,259
203,171,272
200,184,284
219,189,323
215,189,327
229,194,334
253,213,345
313,219,332
289,266,312
294,272,318
326,277,306
313,257,313
343,250,319
342,239,337
349,230,326
362,283,309
355,280,285
323,271,269
326,276,257
332,261,242
393,310,238
377,312,241
359,326,245
346,313,235
343,304,284
357,300,285
378,318,295
368,323,303